0Kee-Team/WatchAD,True,False,False,False,False,False,False,False,False
0vercl0k/stuffz,True,False,False,False,False,False,False,False,False
0xInfection/TIDoS-Framework,True,False,False,False,False,False,False,False,False
1adrianb/face-alignment,True,False,False,False,False,False,False,False,False
1tayH/noisy,True,False,False,False,False,False,False,False,False
5hirish/adam_qas,True,False,False,False,False,False,False,False,False
aancw/Belati,True,False,False,False,False,False,False,False,False
abhinavsingh/proxy.py,True,False,False,False,False,False,False,False,False
AcademySoftwareFoundation/OpenCue,True,False,False,False,False,False,False,False,False
achillesrasquinha/pipupgrade,True,False,False,False,False,False,False,False,False
activeloopai/Hub,True,False,False,False,False,False,False,False,False
adamrehn/ue4-docker,True,False,False,False,False,False,False,False,False
Adapter-Hub/adapter-transformers,True,False,False,False,False,False,False,False,False
adferrand/dnsrobocert,True,False,False,False,False,False,False,False,False
agconti/cookiecutter-django-rest,True,False,False,False,False,False,False,False,False
agronholm/apscheduler,True,False,False,False,False,False,False,False,False
ahmetozlu/vehicle_counting_tensorflow,True,False,False,False,False,False,False,False,False
AIChallenger/AI_Challenger_2018,True,False,False,False,False,False,False,False,False
aim-uofa/AdelaiDet,True,False,False,False,False,False,False,False,False
aio-libs/aiocache,True,False,False,False,False,False,False,False,False
aio-libs/aiokafka,True,False,False,False,False,False,False,False,False
aio-libs/aiomysql,True,False,False,False,False,False,False,False,False
airnotifier/airnotifier,True,False,False,False,False,False,False,False,False
akirasosa/mobile-semantic-segmentation,True,False,False,False,False,False,False,False,False
AKSHAYUBHAT/DeepVideoAnalytics,True,False,False,False,False,False,False,False,False
alan-turing-institute/sktime,True,False,False,False,False,False,False,False,False
alectrocute/flaskSaaS,True,False,False,False,False,False,False,True,False
alerta/alerta,True,False,False,False,False,False,False,False,False
alexander-akhmetov/python-shortcuts,True,False,False,False,False,False,False,False,False
alexmojaki/futurecoder,True,False,False,False,False,False,False,False,False
alfredfrancis/ai-chatbot-framework,True,False,False,False,False,False,False,False,False
alibaba/flink-ai-extended,True,False,False,False,False,False,False,False,False
aliparlakci/bulk-downloader-for-reddit,True,False,False,False,False,False,False,False,False
alisaifee/flask-limiter,True,False,False,False,False,False,False,False,False
alisen39/TrWebOCR,True,False,False,False,False,False,False,False,False
allegro/ralph,True,False,False,False,False,False,False,False,False
allenai/allennlp,True,False,False,False,False,False,False,False,False
allenai/scibert,True,False,False,False,False,False,False,False,False
allenai/writing-code-for-nlp-research-emnlp2018,True,False,False,False,False,False,False,False,False
almandin/fuxploider,True,False,False,False,False,False,False,False,False
alpacahq/pylivetrader,False,False,False,True,False,False,False,False,False
altdesktop/i3ipc-python,True,False,False,False,False,False,False,False,False
amirassov/kaggle-imaterialist,True,False,False,False,False,False,False,False,False
amitt001/pygmy,True,False,False,False,False,False,False,False,False
amoffat/sh,True,False,False,False,False,False,False,False,False
AnalogJ/lexicon,True,False,False,False,False,False,False,False,False
anchore/anchore-engine,True,False,False,False,False,False,False,False,False
andresriancho/w3af,True,False,False,False,False,False,False,False,False
angr/angr,True,False,False,False,False,False,False,False,False
angr/rex,True,False,False,False,False,False,False,False,False
ansible/ansible,True,False,False,False,False,False,False,False,False
ansible/ansible-container,True,False,False,False,False,False,False,True,False
ansible/ansible-jupyter-kernel,True,False,False,False,False,False,False,False,False
ansible/ansible-runner,True,False,False,False,False,False,False,False,False
ansible/awx,True,False,False,False,False,False,False,False,False
ansible/galaxy,True,False,False,False,False,False,False,False,False
anyant/rssant,True,False,False,False,True,False,False,False,False
aosp-mirror/platform_development,True,False,False,False,False,False,False,False,False
apache/airflow,True,False,False,False,False,False,False,False,False
apache/libcloud,True,False,False,False,False,False,False,False,False
apache/superset,True,False,False,False,False,False,False,False,False
AppDaemon/appdaemon,True,False,False,False,False,False,False,False,False
apple/coremltools,True,False,False,False,False,False,False,False,False
appu1232/Discord-Selfbot,True,False,False,False,False,False,False,False,False
aquasecurity/kube-hunter,True,False,False,False,False,False,False,False,False
AragonSnow/qiandao,True,False,False,False,False,False,False,False,False
arviz-devs/arviz,True,False,False,False,False,False,False,False,False
arxiv-vanity/arxiv-vanity,True,False,False,False,False,False,False,False,False
asyml/texar-pytorch,True,False,False,False,False,False,False,False,False
automl/auto-sklearn,True,False,False,False,False,False,False,False,False
autorope/donkeycar,True,False,False,False,False,False,False,False,False
avatartwo/avatar2,True,False,False,False,False,False,False,False,False
awolfly9/IPProxyTool,True,False,False,False,False,False,False,False,False
aws/aws-parallelcluster,True,False,False,False,False,False,False,False,False
aws/aws-sam-cli,True,False,False,False,False,False,False,False,False
aws-cloudformation/cfn-python-lint,True,False,False,False,False,False,False,False,False
awslabs/amazon-redshift-utils,True,False,False,False,False,False,False,False,False
awslabs/aws-data-wrangler,True,False,False,False,False,False,False,False,False
awslabs/aws-deployment-framework,True,False,False,False,False,False,False,False,False
awslabs/aws-lambda-powertools-python,True,False,False,False,False,False,False,False,False
awslabs/aws-servicebroker,True,False,False,False,False,False,False,False,False
awslabs/gluon-ts,True,False,False,False,False,False,False,False,False
awslabs/sockeye,True,False,False,False,False,False,False,False,False
aws-quickstart/taskcat,True,False,False,False,False,False,False,False,False
aws/sagemaker-python-sdk,True,False,False,False,False,False,False,False,False
aws-samples/aws-cdk-examples,True,False,False,False,False,False,False,False,False
aws-samples/aws-glue-samples,True,False,False,False,False,False,False,False,False
azavea/raster-vision,True,False,False,False,False,False,False,False,False
Azure/azure-cli,True,False,False,False,False,False,False,False,False
Azure/azure-sdk-for-python,True,False,False,False,False,False,False,False,False
Azure/Stormspotter,True,False,False,False,True,False,False,False,False
baabaaox/ScrapyDouban,True,False,False,False,False,False,False,False,False
bbc/brave,True,False,False,False,False,False,False,False,False
bchew/dynamodump,True,False,False,False,False,False,False,False,False
beancount/fava,True,False,False,False,False,False,False,False,False
bear/python-twitter,True,False,False,False,False,False,False,False,False
bentoml/BentoML,True,False,False,False,False,False,False,False,False
bhoov/exbert,True,False,False,False,False,False,False,False,False
bigbaser/TcloudServer,True,False,False,False,False,False,False,False,False
bigchaindb/bigchaindb,True,False,False,False,False,False,False,False,False
binux/pyspider,True,False,False,False,False,False,False,False,False
Bitmessage/PyBitmessage,True,False,False,False,False,False,False,False,False
blackholll/loonflow,True,False,False,False,False,False,False,False,False
blacklanternsecurity/writehat,True,False,False,False,False,False,False,False,False
Blazemeter/taurus,True,False,False,False,False,False,False,False,False
blockchain-certificates/cert-issuer,True,False,False,False,False,False,False,False,False
blockchain-etl/ethereum-etl,True,False,False,False,False,False,False,False,False
BMW-InnovationLab/BMW-TensorFlow-Training-GUI,True,False,False,False,False,False,False,False,False
BMW-InnovationLab/BMW-YOLOv4-Training-Automation,True,False,False,False,False,False,False,False,False
Boerderij/Varken,True,False,False,False,False,False,False,False,False
bokeh/bokeh,True,False,False,False,False,False,False,False,False
bootphon/phonemizer,True,False,False,False,False,False,False,False,False
boston-dynamics/spot-sdk,True,False,False,False,False,False,False,False,False
brettkromkamp/contextualise,True,False,False,False,False,False,False,False,False
briancappello/flask-react-spa,True,False,False,False,False,False,False,False,False
bridgecrewio/checkov,True,False,False,False,False,False,False,False,False
brndnmtthws/thetagang,True,False,False,False,False,False,False,False,False
brutasse/graphite-api,True,False,False,False,False,False,False,True,False
buffer/thug,True,False,False,False,False,False,False,False,False
bugy/script-server,True,False,False,False,False,False,False,False,False
buildbot/buildbot,True,False,False,False,False,False,False,False,False
buildout/buildout,True,False,False,False,False,False,False,False,False
buriburisuri/sugartensor,True,False,False,False,False,False,False,False,False
burnettk/delete-docker-registry-image,True,False,False,False,False,False,False,False,False
Buuntu/fastapi-react,True,False,False,False,False,False,False,False,False
byt3bl33d3r/CrackMapExec,True,False,False,False,False,False,False,False,False
byt3bl33d3r/DeathStar,True,False,False,False,False,False,False,False,False
byt3bl33d3r/WitnessMe,True,False,False,False,False,False,False,False,False
bytedance/byteps,True,False,False,False,False,False,False,False,False
bytedance/fedlearner,True,False,False,False,False,False,False,False,False
c4urself/bump2version,True,False,False,False,False,False,False,False,False
calebstewart/pwncat,True,False,False,False,False,False,False,False,False
CanopyTax/asyncpgsa,True,False,False,False,False,False,False,False,False
catalyst-team/catalyst,True,False,False,False,False,False,False,False,False
cbfinn/maml_rl,True,False,False,False,False,False,False,False,False
cburmeister/flask-bones,True,False,False,False,False,False,False,False,False
ccrisan/motioneye,True,False,False,False,False,False,False,False,False
cdrx/rancher-gitlab-deploy,True,False,False,False,False,False,False,False,False
cea-sec/ivre,True,False,False,False,False,False,False,False,False
cea-sec/miasm,True,False,False,False,False,False,False,False,False
cea-sec/Sibyl,True,False,False,False,False,False,False,False,False
celery/celery,True,False,False,False,False,False,False,False,False
celery/django-celery-beat,True,False,False,False,False,False,False,False,False
CenterForOpenScience/osf.io,True,False,False,False,False,False,False,False,False
certbot/certbot,True,False,False,False,False,False,False,False,False
Ceruleanacg/Personae,True,False,False,False,False,False,False,False,False
cesium-ml/cesium,True,False,False,False,False,False,False,False,False
cevoaustralia/aws-google-auth,True,False,False,False,False,False,False,False,False
cgre-aachen/gempy,True,False,False,False,False,False,False,False,False
chainer/chainer-chemistry,True,False,False,False,False,False,False,False,False
Chaosthebot/Chaos,True,False,False,False,False,False,False,False,False
chaostoolkit/chaostoolkit,True,False,False,False,False,True,False,False,False
Charcoal-SE/SmokeDetector,True,False,False,False,False,False,False,False,False
chdsbd/kodiak,True,False,False,False,False,False,False,True,False
cheind/py-motmetrics,True,False,False,False,False,False,False,False,False
chemprop/chemprop,True,False,False,False,False,False,False,False,False
chengyumeng/spider163,True,False,False,True,False,False,False,False,False
ChenRocks/UNITER,True,False,False,False,False,False,False,False,False
cholcombe973/autodock,True,False,False,False,False,False,False,False,False
chubin/cheat.sh,True,False,False,False,False,False,False,False,False
chubin/wttr.in,True,False,False,False,False,False,False,False,False
CIRCL/AIL-framework,True,False,False,False,False,False,False,False,False
cisagov/Malcolm,True,False,False,False,False,False,False,False,False
cisagov/pshtt,True,False,False,False,False,False,False,False,False
cisco/mindmeld,True,False,False,False,False,False,False,False,False
citusdata/django-multitenant,True,False,False,False,False,False,False,False,False
ciur/papermerge,True,False,False,False,False,False,False,False,False
ckan/ckan,True,False,False,False,False,False,False,False,False
Cl0udG0d/SZhe_Scan,True,False,False,False,False,False,False,False,False
ClaudiuGeorgiu/Obfuscapk,True,False,False,False,False,False,False,False,False
ClaudiuGeorgiu/PlaystoreDownloader,True,False,False,False,False,False,False,False,False
cleardusk/3DDFA,True,False,False,False,False,False,False,False,False
closeio/tasktiger,True,False,False,False,False,False,False,True,False
cloud-custodian/cloud-custodian,True,False,False,False,False,False,False,False,False
Cloud-CV/EvalAI,True,False,False,False,False,False,False,False,False
cloudtools/stacker,True,False,False,False,False,False,False,False,False
ClusterHQ/flocker,True,False,True,False,False,False,False,False,False
cobbler/cobbler,True,False,False,False,False,False,False,False,False
coddingtonbear/inthe.am,True,False,False,False,False,False,False,False,False
CoinAlpha/hummingbot,True,False,False,False,False,False,False,False,False
ComplianceAsCode/content,True,False,False,False,False,False,False,False,False
Conchylicultor/DeepQA,True,False,False,False,False,False,False,False,False
confluentinc/confluent-kafka-python,True,False,False,False,False,False,False,False,False
ConsenSys/mythril,True,False,False,False,False,False,False,False,False
controlscanmdr/cyphon,True,False,False,False,False,False,False,False,False
ConvLab/ConvLab,True,False,False,False,False,False,False,False,False
cookiecutter-flask/cookiecutter-flask,True,False,False,False,False,False,False,False,False
CorralPeltzer/newTrackon,True,False,False,False,False,False,False,False,False
cosmicpython/code,True,False,False,False,False,False,False,False,False
coursera-dl/coursera-dl,True,False,False,False,False,False,False,False,False
cr0hn/aiotasks,True,False,False,False,False,False,False,False,False
crccheck/django-object-actions,True,False,False,False,False,False,False,False,False
CryptoSignal/Crypto-Signal,True,False,False,False,False,False,False,True,False
crytic/slither,True,False,False,False,False,False,False,False,False
csxmli2016/DFDNet,True,False,False,False,False,False,False,False,False
CTFd/CTFd,True,False,False,False,False,False,False,False,False
ctf-wiki/ctf-wiki,True,False,False,False,False,False,False,False,False
cvg/Hierarchical-Localization,True,False,False,False,False,False,False,False,False
cyrildiagne/basnet-http,True,False,False,False,False,False,False,False,False
D0g3-Lab/H1ve,True,False,False,False,False,False,False,False,False
dagster-io/dagster,True,False,False,False,False,False,False,False,False
damianmoore/photonix,True,False,False,False,False,False,False,False,False
danmacnish/cartoonify,True,False,False,False,False,False,False,False,False
DarkSecDevelopers/HiddenEye-Legacy,True,False,False,False,False,False,False,False,False
dasguptar/treelstm.pytorch,True,False,False,False,False,False,False,False,False
dask/dask,True,False,False,False,False,False,False,False,False
DataBiosphere/toil,True,False,False,False,False,False,False,False,False
DataDog/integrations-core,True,False,False,False,False,False,False,False,False
datafolklabs/cement,True,False,False,False,False,False,False,False,False
datawire/ambassador,True,False,False,False,False,False,False,False,False
datawire/forge,True,False,False,False,False,False,False,False,False
datmo/datmo,True,False,False,False,False,False,False,False,False
david8862/keras-YOLOv3-model-set,True,False,False,False,False,False,False,False,False
davidteather/TikTok-Api,True,False,False,False,False,False,False,False,False
dbcli/mssql-cli,True,False,False,False,False,False,False,False,False
dbcli/pgcli,True,False,False,False,False,False,False,False,False
dcos/dcos,True,False,False,False,False,False,False,False,False
dcowden/cadquery,True,False,False,False,False,False,False,False,False
deepchem/deepchem,True,False,False,False,False,False,False,False,False
deepdrive/deepdrive,True,False,False,False,True,False,False,False,False
DeepPavlov/convai,True,False,False,False,False,False,False,False,False
deepset-ai/FARM,True,False,False,False,False,False,False,False,False
deepset-ai/haystack,True,False,False,False,False,False,False,False,False
deis/deis,True,False,False,False,False,False,False,False,False
Delta-ML/delta,True,False,False,False,False,False,False,False,False
Dentosal/python-sc2,True,False,False,False,False,False,False,False,False
deoplete-plugins/deoplete-jedi,True,False,False,False,False,False,False,False,False
DexterInd/GrovePi,True,False,False,False,False,False,False,False,False
Diaoul/subliminal,True,False,False,False,False,False,False,False,False
DIGITALCRIMINAL/OnlyFans,True,False,False,False,False,False,False,False,False
dimagi/commcare-hq,True,False,False,False,False,False,False,False,False
DinoTools/dionaea,True,False,False,False,False,False,False,False,False
django-import-export/django-import-export,True,False,False,False,False,False,False,False,False
django-oscar/django-oscar,True,False,False,False,False,False,False,False,False
djangopackages/djangopackages,True,False,False,False,False,False,False,False,False
django-tenants/django-tenants,True,False,False,False,False,False,False,False,False
dlapiduz/certbot-s3front,True,False,False,False,False,False,False,False,False
DLLXW/data-science-competition,True,False,False,False,False,False,False,False,False
dmlc/gluon-cv,True,False,False,False,False,False,False,False,False
dmlc/minpy,True,False,False,False,False,False,False,False,False
DMOJ/judge-server,True,False,False,False,False,False,False,False,False
dnsviz/dnsviz,True,False,False,False,False,False,False,False,False
doccano/doccano,True,False,False,False,False,False,False,False,False
docker-archive/docker-registry,True,False,False,False,False,False,False,False,False
docker/compose,True,False,False,False,False,False,False,False,False
docker/docker-py,True,False,False,False,False,False,False,False,False
dongweiming/web_develop,True,False,False,False,False,False,False,False,False
donnemartin/data-science-ipython-notebooks,True,False,False,False,False,False,False,False,False
donnemartin/gitsome,True,False,False,False,False,False,False,False,False
donnemartin/saws,True,False,False,False,False,False,False,False,False
douban/dpark,True,False,False,False,False,False,False,False,False
dowjones/hammer,True,False,False,False,False,False,False,False,False
dpgaspar/Flask-AppBuilder,True,False,False,False,False,False,False,False,False
dragonchain/dragonchain,True,False,False,False,False,False,False,False,False
DragonComputer/Dragonfire,True,False,False,False,False,False,False,False,False
Drakkar-Software/OctoBot,True,False,False,False,False,False,False,False,False
droope/droopescan,True,False,False,False,False,False,False,False,False
dropbox/changes,True,False,False,False,False,False,False,False,False
dropbox/nsot,True,False,False,False,False,False,False,False,False
dssg/aequitas,True,False,False,False,False,False,False,False,False
DT42/BerryNet,True,False,False,False,False,True,False,False,False
duckietown/gym-duckietown,True,False,False,False,False,False,False,False,False
dwisiswant0/apkleaks,True,False,False,False,False,False,False,False,False
ebhy/budgetml,True,False,False,False,False,False,False,False,False
edeng23/binance-trade-bot,True,False,False,False,False,False,False,False,False
edx/configuration,True,False,False,False,False,False,False,False,False
edx/edx-platform,True,False,False,False,False,False,False,False,False
EFForg/crocodilehunter,True,False,False,False,False,False,False,False,False
ehendrix23/tesla_dashcam,True,False,False,False,False,False,False,False,False
Ekultek/Zeus-Scanner,True,False,False,False,False,False,False,False,False
elastic/curator,True,False,False,False,False,False,False,False,False
elastic/elasticsearch-py,True,False,False,False,False,False,False,False,False
elastic/rally,True,False,False,False,False,False,False,False,False
EleutherAI/gpt-neo,True,False,False,False,False,False,False,False,False
EleutherAI/gpt-neox,True,False,False,False,False,False,False,False,False
eliasgranderubio/dagda,True,False,False,False,False,False,False,False,False
EliotAndres/pretrained.ml,True,False,False,False,False,False,False,False,False
elyra-ai/elyra,True,False,False,False,False,False,False,False,False
Emptyset110/dHydra,True,False,False,False,False,False,False,False,False
enigmampc/catalyst,True,False,False,True,False,False,False,False,False
epinna/tplmap,True,False,False,False,False,False,False,False,False
epinna/weevely3,True,False,False,False,False,False,False,False,False
EricJMarti/inventory-hunter,True,False,False,False,False,False,False,False,False
Ericsson/codechecker,True,False,False,False,False,False,False,False,False
erikbern/ann-benchmarks,True,False,False,False,False,False,False,False,False
errbotio/errbot,True,False,False,False,False,False,False,False,False
espnet/espnet,True,False,False,False,False,False,False,False,False
eth-brownie/brownie,True,False,False,False,False,False,False,False,False
ethereum/trinity,True,False,False,False,False,False,False,False,False
ethereum/web3.py,True,False,False,False,False,False,False,False,False
EthVentures/CryptoTracker,True,False,False,False,False,False,False,False,False
ets-labs/python-dependency-injector,True,False,False,False,False,False,False,False,False
EvgenyKashin/stylegan2-distillation,True,False,False,False,False,False,False,False,False
evyatarmeged/Raccoon,True,False,False,False,False,False,False,False,False
ewels/MultiQC,True,False,False,False,False,False,False,False,False
exadel-inc/CompreFace,True,False,False,False,False,False,False,False,False
Exa-Networks/exabgp,True,False,False,False,False,False,False,False,False
exercism/python,True,False,False,False,False,False,False,False,False
Exodus-Privacy/exodus,True,False,False,False,False,False,False,False,False
ExpDev07/coronavirus-tracker-api,True,False,False,False,False,False,False,False,False
explosion/projects,True,False,False,False,False,False,False,False,False
f0cker/crackq,True,False,False,False,False,False,False,False,False
fabfuel/ecs-deploy,True,False,False,False,False,False,False,False,False
facebook/prophet,True,False,False,False,False,False,False,False,False
facebookresearch/ClassyVision,True,False,False,False,False,False,False,False,False
facebookresearch/CrypTen,True,False,False,False,False,False,False,False,False
facebookresearch/DetectAndTrack,True,False,False,False,False,False,False,False,False
facebookresearch/Detectron,True,False,False,False,False,False,False,False,False
facebookresearch/detectron2,True,False,False,False,False,False,False,False,False
facebookresearch/detr,True,False,False,False,False,False,False,False,False
facebookresearch/habitat-lab,True,False,False,False,False,False,False,False,False
facebookresearch/LASER,True,False,False,False,False,False,False,False,False
facebookresearch/maskrcnn-benchmark,True,False,False,False,False,False,False,False,False
facebookresearch/phyre,True,False,False,False,False,False,False,False,False
facebookresearch/pytext,True,False,False,False,False,False,False,False,False
facebookresearch/torchbeast,True,False,False,False,False,False,False,False,False
faizann24/XssPy,True,False,False,False,False,False,False,False,False
faucetsdn/faucet,True,False,False,False,False,False,False,False,False
favll/pogom,True,False,False,False,False,False,False,False,False
fcavallarin/htcap,True,False,False,False,False,False,False,False,False
FDA/openfda,True,False,False,False,False,False,False,False,False
feast-dev/feast,True,False,False,False,False,False,False,False,False
fedden/poker_ai,True,False,False,False,False,False,False,False,False
FederatedAI/FATE,True,False,False,False,True,False,False,False,False
fennerm/flashfocus,True,False,False,False,False,False,False,False,False
fhamborg/news-please,True,False,False,False,False,False,False,False,False
fireeye/speakeasy,True,False,False,False,False,False,False,False,False
firmianay/IoT-vulhub,True,False,False,False,False,False,False,False,False
fishtown-analytics/dbt,True,False,False,True,False,False,False,False,False
fkie-cad/FACT_core,True,False,False,False,False,False,False,False,False
Flexget/Flexget,True,False,False,False,True,False,False,False,False
flexxui/flexx,True,False,False,False,False,False,False,False,False
flipkart-incubator/Astra,True,False,False,False,False,False,False,False,False
flipkart-incubator/watchdog,True,False,False,False,False,False,False,False,False
flosell/trailscraper,True,False,False,False,False,False,False,False,False
flow-project/flow,True,False,False,False,False,False,False,False,False
fofapro/vulfocus,True,False,False,False,False,False,False,False,False
foolcage/fooltrader,True,False,False,False,False,False,False,False,False
forseti-security/forseti-security,True,False,False,False,False,False,False,False,False
fossasia/open-event-legacy,True,False,False,False,False,False,False,False,False
fossasia/open-event-server,True,False,False,False,False,False,False,False,False
fox-it/BloodHound.py,True,False,False,False,False,False,False,False,False
foxmask/django-th,True,False,False,False,False,False,False,False,False
freedomofpress/securedrop,True,False,False,False,False,False,False,False,False
freeipa/freeipa,True,False,False,False,False,False,False,False,False
FreeOpcUa/python-opcua,True,False,False,False,False,False,False,False,False
freqtrade/freqtrade,True,False,False,False,False,False,False,False,False
frol/flask-restplus-server-example,True,False,False,False,False,False,False,False,False
FSecureLABS/awspx,True,False,False,False,False,False,False,False,False
FSecureLABS/drozer,True,False,False,False,False,False,False,False,False
FZambia/centrifuge,True,False,False,False,False,False,False,False,False
GadgetReactor/pyHS100,True,False,False,False,False,False,False,False,False
galaxyproject/galaxy,True,False,False,False,False,False,False,False,False
Gallopsled/pwntools,True,False,False,False,False,False,False,False,False
gamechanger/dusty,True,False,False,False,False,False,False,False,False
gamenet/redis-memory-analyzer,True,False,False,False,False,False,False,False,False
gautamajay52/TorrentLeech-Gdrive,True,False,False,False,False,False,False,False,False
gbeced/pyalgotrade,True,False,False,False,False,False,False,False,False
gboeing/osmnx,True,False,False,False,False,False,False,False,False
Gerapy/Gerapy,True,False,False,False,False,False,False,False,False
getredash/redash,True,False,False,False,False,False,False,False,False
getsentry/freight,True,False,False,False,False,False,False,False,False
getsentry/sentry,True,False,False,False,False,False,False,True,False
getsentry/sentry-kubernetes,True,False,False,False,False,False,False,False,False
Ghadjeres/DeepBach,True,False,False,False,False,False,False,False,False
GhostManager/Ghostwriter,True,False,False,False,False,False,False,False,False
gilesknap/gphotos-sync,True,False,False,False,False,False,False,False,False
Giphy/celeb-detection-oss,True,False,False,False,False,False,False,False,False
girder/girder,True,False,False,False,False,False,False,False,False
githublitao/api_automation_test,True,False,False,False,False,False,False,False,False
gitpython-developers/GitPython,True,False,False,False,False,False,False,False,False
GNS3/gns3-gui,True,False,False,False,False,False,False,False,False
GNS3/gns3-server,True,False,False,False,False,False,False,False,False
godotengine/godot-blender-exporter,True,False,False,False,False,False,False,False,False
golemfactory/clay,True,False,False,False,False,False,False,False,False
golismero/golismero,True,False,False,False,False,False,False,False,False
google/android-emulator-container-scripts,True,False,False,False,False,False,False,False,False
googleapis/google-auth-library-python,True,False,False,False,False,False,False,False,False
google/brain-tokyo-workshop,True,False,False,False,False,False,False,False,False
google/caliban,True,False,False,False,False,False,False,False,False
google/capirca,True,False,False,False,False,False,False,False,False
google/clif,True,False,False,False,False,False,False,False,False
GoogleCloudPlatform/cloudml-samples,True,False,False,False,False,False,False,False,False
GoogleCloudPlatform/deploymentmanager-samples,True,False,False,False,False,False,False,False,False
GoogleCloudPlatform/getting-started-python,True,False,False,False,False,False,False,False,False
GoogleCloudPlatform/microservices-demo,True,False,False,False,False,False,False,False,False
GoogleCloudPlatform/ml-on-gcp,True,False,False,False,False,False,False,False,False
GoogleCloudPlatform/PerfKitBenchmarker,True,False,False,False,False,False,False,False,False
GoogleCloudPlatform/professional-services,True,False,False,False,False,False,False,False,False
GoogleCloudPlatform/python-docs-samples,True,False,False,False,False,False,False,True,False
google/clusterfuzz,True,False,False,False,False,False,False,False,False
google/deepvariant,True,False,False,False,False,False,False,False,False
google/fuzzbench,True,False,False,False,False,False,False,False,False
google/grr,True,False,False,False,False,False,False,False,False
google/jax,True,False,False,False,False,False,False,False,False
google/personfinder,True,False,False,False,False,False,False,False,False
google-research/football,True,False,False,False,False,False,False,False,False
google/subpar,True,False,False,False,False,False,False,False,False
google/tf-quant-finance,True,False,False,False,False,False,False,False,False
google/timesketch,True,False,False,False,False,False,False,False,False
google/turbinia,True,False,False,False,False,False,False,False,False
google/vulncode-db,True,False,False,False,False,False,False,False,False
GoSecure/pyrdp,True,False,False,False,False,False,False,False,False
gouthambs/Flask-Blogging,True,False,False,False,False,False,False,False,False
GoVanguard/legion,True,False,False,False,False,False,False,False,False
grapheneX/grapheneX,True,False,False,False,False,False,False,False,False
graphistry/pygraphistry,True,False,False,False,False,False,False,False,False
grapl-security/grapl,True,False,False,False,False,False,False,False,False
gratipay/gratipay.com,True,False,False,False,False,False,False,False,False
graydon/bors,True,False,False,False,False,False,False,False,False
great-expectations/great_expectations,True,False,False,False,False,False,False,False,False
grow/grow,True,False,False,False,False,False,False,False,False
grycap/scar,True,False,False,False,False,False,False,False,False
guardicore/monkey,True,False,False,False,False,False,False,False,False
guessit-io/guessit,True,False,False,False,False,False,False,False,False
guildai/guildai,True,False,False,False,False,False,False,False,False
guoday/CCF-BDCI-Sentiment-Analysis-Baseline,True,False,False,False,False,False,False,False,False
gyoisamurai/GyoiThon,True,False,False,False,False,False,False,False,False
h2oai/wave,True,False,False,False,False,False,False,False,False
haarnoja/sac,True,False,False,False,False,False,False,False,False
haarnoja/softqlearning,True,False,False,False,False,False,False,False,False
hacktoolspack/hack-tools,True,False,False,False,False,False,False,False,False
hacs/integration,True,False,False,False,False,False,False,False,False
haiwen/seafile-docker,True,False,False,False,False,False,False,False,False
hamcrest/PyHamcrest,True,False,False,False,False,False,False,False,False
hangoutsbot/hangoutsbot,True,False,False,False,False,False,False,False,False
hanxiao/bert-as-service,True,False,False,False,False,False,False,False,False
HASecuritySolutions/VulnWhisperer,True,False,False,False,False,False,False,False,False
HashPals/Name-That-Hash,False,False,False,False,True,False,False,False,False
HazyResearch/fonduer,True,False,False,False,False,False,False,False,False
heartexlabs/label-studio,True,False,False,False,False,False,False,False,False
HendrikStrobelt/Seq2Seq-Vis,True,False,False,False,False,False,False,False,False
hhyo/Archery,True,False,False,False,False,False,False,False,False
hjacobs/kube-downscaler,True,False,False,False,False,False,False,False,False
hjacobs/kube-janitor,True,False,False,False,False,False,False,False,False
home-assistant/core,True,False,False,False,False,False,False,False,False
home-assistant-libs/pytradfri,True,False,False,False,False,False,False,False,False
home-assistant/supervisor,True,False,False,False,False,False,False,False,False
howie6879/owllook,True,False,False,False,False,False,False,False,False
huashengdun/webssh,True,False,False,False,False,False,False,False,False
huawei-noah/Pretrained-Language-Model,True,False,False,False,False,False,False,False,False
hugapi/hug,True,False,False,False,False,False,False,False,False
huggingface/transfer-learning-conv-ai,True,False,False,False,False,False,False,False,False
huggingface/transformers,True,False,False,False,False,False,False,False,False
hukkelas/DeepPrivacy,True,False,False,False,False,False,False,False,False
huseinzol05/Gather-Deployment,True,False,False,False,False,False,False,False,False
HydraChain/hydrachain,True,False,False,False,False,False,False,False,False
hyperledger/cello,True,False,False,False,False,False,False,False,False
hyperledger/indy-node,True,False,False,False,False,False,False,False,False
hyperledger/sawtooth-core,True,False,False,False,False,False,False,False,False
hypothesis/h,True,False,False,False,False,False,False,False,False
hzwer/arXiv2020-RIFE,True,False,False,False,False,False,False,False,False
hzy46/Deep-Learning-21-Examples,True,False,False,False,False,False,False,False,False
ianmiell/shutit,True,False,False,False,False,False,False,False,False
IBM/MAX-Image-Resolution-Enhancer,True,False,False,False,False,False,False,False,False
icloud-photos-downloader/icloud_photos_downloader,True,False,False,False,False,False,False,False,False
ICLRandD/Blackstone,True,False,False,False,False,False,False,False,False
icopy-site/awesome-cn,True,False,False,False,False,False,False,False,False
idank/explainshell,True,False,False,False,False,False,False,False,False
IDSIA/sacred,True,False,False,False,False,False,False,False,False
ifzhang/FairMOT,True,False,False,False,False,False,False,False,False
ilius/pyglossary,True,False,False,False,False,False,False,False,False
implus/GFocal,True,False,False,False,False,False,False,False,False
imWildCat/scylla,True,False,False,False,False,False,False,False,False
insanum/sncli,True,False,False,False,False,False,False,False,False
IntelAI/nauta,True,False,False,False,False,False,False,False,False
IntelLabs/coach,True,False,False,False,False,False,False,False,False
IntelLabs/nlp-architect,True,False,False,False,False,False,False,False,False
intelowlproject/IntelOwl,True,False,False,False,False,False,False,False,False
internetarchive/openlibrary,True,False,False,False,False,False,False,False,False
istresearch/scrapy-cluster,True,False,False,False,False,False,False,False,False
italomaia/flask-empty,True,False,False,False,False,False,False,False,False
iterative/dvc,True,False,False,False,False,False,False,False,False
its-a-feature/Mythic,True,False,False,False,False,False,False,False,False
izar/pytm,True,False,False,False,False,False,False,False,False
j3ssie/Osmedeus,True,False,False,False,False,False,False,False,False
j96w/DenseFusion,True,False,False,False,False,False,False,False,False
jachinlin/geektime_dl,True,False,False,False,False,False,False,False,False
jaegertracing/jaeger-client-python,True,False,False,False,False,False,False,False,False
JaidedAI/EasyOCR,True,False,False,False,False,False,False,False,False
jamesob/tinychain,True,False,False,False,False,False,False,False,False
jamesoff/simplemonitor,True,False,False,False,False,False,False,False,False
jantman/awslimitchecker,True,False,False,False,False,False,False,False,False
jaraco/keyring,True,False,False,False,False,False,False,False,False
jarun/buku,True,False,False,False,False,False,False,False,False
jasonrbriggs/stomp.py,True,False,False,False,False,False,False,False,False
jbarlow83/OCRmyPDF,True,False,False,False,False,False,False,False,False
j-bennet/wharfee,True,False,False,False,False,False,False,False,False
jbesomi/texthero,True,False,False,False,False,False,False,False,False
JDAI-CV/fast-reid,True,False,False,False,False,False,False,False,False
jeanphix/Ghost.py,True,False,False,False,False,False,False,False,False
jeffzh3ng/fuxi,True,False,False,False,False,False,False,False,False
jet-admin/jet-bridge,True,False,False,False,False,False,False,False,False
jhao104/proxy_pool,True,False,False,False,False,False,False,False,False
jhpyle/docassemble,True,False,False,False,False,False,False,False,False
jimmy201602/webterminal,True,False,False,False,False,False,False,False,False
jina-ai/jina,True,False,False,False,False,False,False,False,False
jindaxiang/akshare,True,False,False,False,False,False,False,False,False
jiny2001/dcscn-super-resolution,True,False,False,False,False,False,False,False,False
jmathai/elodie,True,False,False,False,False,False,False,False,False
joaoricardo000/whatsapp-bot-seed,True,False,False,False,False,False,False,False,False
joe-siyuan-qiao/DetectoRS,True,False,False,False,False,False,False,False,False
JohnHammond/katana,True,False,False,False,False,False,False,False,False
jookies/jasmin,True,False,False,False,False,False,False,False,False
jopohl/urh,True,False,False,False,False,False,False,False,False
jorisroovers/gitlint,True,False,False,False,False,False,False,False,False
JosephKJ/OWOD,True,False,False,False,False,False,False,False,False
josiahcarlson/redis-in-action,True,False,False,False,False,False,False,False,False
jpmens/mqttwarn,True,False,False,False,False,False,False,False,False
jumpserver/jumpserver,True,False,False,False,False,False,False,False,False
Juniper/py-junos-eznc,True,False,False,False,False,False,False,False,False
jupyter/docker-stacks,True,False,False,False,False,False,False,False,False
jupyter/enterprise_gateway,True,False,False,False,False,False,False,False,False
jupyterhub/binderhub,True,False,False,False,False,False,False,False,False
jupyterhub/dockerspawner,True,False,False,False,False,False,False,False,False
jupyterhub/jupyterhub,True,False,False,False,False,False,False,False,False
jupyterhub/repo2docker,True,False,False,False,False,False,False,False,False
jupyterhub/the-littlest-jupyterhub,True,False,False,False,False,False,False,False,False
jupyterhub/zero-to-jupyterhub-k8s,True,False,False,False,False,False,False,False,False
jupyter-incubator/sparkmagic,True,False,False,False,False,False,False,False,False
jupyter/nbviewer,True,False,False,False,False,False,False,False,False
Just-Some-Bots/MusicBot,True,False,False,False,False,False,False,False,False
Kaggle/docker-python,True,False,False,False,False,False,False,False,False
kakaobrain/pororo,True,False,False,False,False,False,False,False,False
kakao/buffalo,True,False,False,False,False,False,False,False,False
kakao/khaiii,True,False,False,False,False,False,False,False,False
kapicorp/kapitan,True,False,False,False,False,False,False,False,False
karec/cookiecutter-flask-restful,True,False,False,False,False,False,False,False,False
karlicoss/promnesia,True,False,False,False,False,False,False,False,False
kbumsik/VirtScreen,True,False,False,False,False,False,False,False,False
KDD-OpenSource/DeepADoTS,True,False,False,False,False,False,False,False,False
keiohta/tf2rl,True,False,False,False,False,False,False,False,False
keithrozario/Klayers,True,False,False,False,False,False,False,False,False
kengz/SLM-Lab,True,False,False,False,False,False,False,False,False
kennethreitz-archive/requests3,True,False,False,False,False,False,False,False,False
kensho-technologies/graphql-compiler,True,False,False,False,False,False,False,False,False
keras-team/keras-tuner,True,False,False,False,False,False,False,False,False
kerlomz/captcha_platform,True,False,False,False,False,False,False,False,False
kevthehermit/PasteHunter,True,False,False,False,False,False,False,False,False
keylase/nvidia-patch,True,False,False,False,False,False,False,False,False
kfei/slack-cleaner,True,False,False,False,False,False,False,False,False
khanrc/pt.darts,True,False,False,False,False,False,False,False,False
kibitzr/kibitzr,True,False,False,False,False,False,False,False,False
Kinto/kinto,True,False,False,False,False,False,False,False,False
Kismuz/btgym,False,False,False,True,False,False,False,False,False
kivy/python-for-android,True,False,False,False,False,False,False,False,False
kizniche/Mycodo,True,False,False,False,False,False,False,False,False
Kkevsterrr/geneva,True,False,False,False,False,False,False,False,False
klen/py-frameworks-bench,True,False,False,False,False,False,False,False,False
knipknap/SpiffWorkflow,True,False,False,False,False,False,False,False,False
koalalorenzo/python-digitalocean,True,False,False,False,False,False,False,False,False
Komodo/KomodoEdit,True,False,False,False,False,False,False,False,False
kornia/kornia,True,False,False,False,False,False,False,False,False
koursaros-ai/nboost,True,False,False,False,False,False,False,False,False
Kozea/Radicale,True,False,False,False,False,False,False,False,False
Kozea/wdb,True,False,False,False,False,False,False,False,False
krmaxwell/maltrieve,True,False,False,False,False,False,False,False,False
KuangDD/zhrtvc,True,False,False,False,False,False,False,False,False
kubeflow-kale/kale,True,False,False,False,False,False,False,False,False
kubeflow/pipelines,True,False,False,False,False,False,False,False,False
kubernetes-client/python,True,False,False,False,False,False,False,False,False
kyb3r/modmail,True,False,False,False,False,False,False,False,False
kymatio/kymatio,True,False,False,False,False,False,False,False,False
kyuupichan/electrumx,True,False,False,False,False,False,False,False,False
l3uddz/traktarr,True,False,False,False,False,False,False,False,False
laixintao/iredis,True,False,False,False,False,False,False,False,False
lancachenet/steamcache,True,False,False,False,False,False,False,False,False
langgithub/CloudControl,True,False,False,False,False,False,False,False,False
lanjelot/patator,True,False,False,False,False,False,False,False,False
lardbit/nefarious,True,False,False,False,False,False,False,False,False
learningequality/ka-lite,True,False,False,False,False,False,False,False,False
leeroybrun/glacier-vault-remove,True,False,False,False,False,False,False,False,False
levlaz/braindump,True,False,False,False,False,False,False,False,False
liangliangyy/DjangoBlog,True,False,False,False,False,False,False,False,False
liberapay/liberapay.com,True,False,False,False,False,False,False,False,False
lightbulb-framework/lightbulb-framework,True,False,False,False,False,False,False,False,False
liiight/notifiers,True,False,False,False,False,False,False,False,False
line/promgen,True,False,False,False,False,False,False,False,False
linkchecker/linkchecker,True,False,False,False,False,False,False,False,False
linkedin/iris,True,False,False,False,False,False,False,False,False
linkedin/oncall,True,False,False,False,False,False,False,False,False
LinOTP/LinOTP,True,False,False,False,False,False,False,False,False
LiuRoy/zhihu_spider,True,False,False,False,False,False,False,False,False
llimllib/limbo,True,False,False,False,False,False,False,False,False
llSourcell/AI_Startup_Prototype,True,False,False,False,False,False,False,True,False
lmco/laikaboss,True,False,False,False,False,False,False,False,False
localstack/localstack,True,False,False,False,False,False,False,False,False
locustio/locust,True,False,False,False,False,False,False,False,False
log2timeline/plaso,True,False,False,False,False,False,False,False,False
Lonero-Team/Decentralized-Internet,True,False,False,False,False,False,False,False,False
Lookyloo/lookyloo,True,False,False,False,False,False,False,False,False
lowerquality/gentle,True,False,False,False,False,False,False,False,False
lspvic/jupyter_tensorboard,True,False,False,False,False,False,False,False,False
LTD-Beget/sprutio,True,False,False,False,False,False,False,False,False
ludwig-ai/ludwig,True,False,False,False,False,False,False,False,False
lyft/confidant,True,False,False,False,False,False,False,False,False
lyft/metadataproxy,True,False,False,False,False,False,False,False,False
lzzy12/python-aria-mirror-bot,True,False,False,False,False,False,False,False,False
m4n3dw0lf/pythem,True,False,False,False,False,False,False,False,False
madflojo/automatron,True,False,False,False,False,False,False,False,False
madhawav/YOLO3-4-Py,True,False,False,False,False,False,False,False,False
mahyarnajibi/SNIPER,True,False,False,False,False,False,False,False,False
Maicius/QQZoneMood,True,False,False,False,False,False,False,False,False
mailpile/Mailpile,True,False,False,False,False,False,False,False,False
Mailu/Mailu,True,False,False,False,False,False,False,False,False
makerdao/market-maker-keeper,True,False,False,False,False,False,False,False,False
manateelazycat/emacs-application-framework,True,False,False,False,False,False,False,False,False
man-group/dtale,True,False,False,False,False,False,False,False,False
ManimCommunity/manim,True,False,False,False,False,False,False,False,False
mantl/mantl,True,False,False,False,False,False,False,False,False
mar10/wsgidav,True,False,False,False,False,False,False,False,False
Mariewelt/OpenChem,True,False,False,False,False,False,False,False,False
mariusmotea/diyHue,True,False,False,False,False,False,False,False,False
mars-project/mars,True,False,False,False,False,False,False,False,False
Marten4n6/EvilOSX,True,False,False,False,False,False,False,False,False
martomo/SublimeTextXdebug,True,False,False,False,False,False,False,False,False
matrix-org/synapse,True,False,False,False,False,False,False,False,False
mattupstate/overholt,True,False,False,False,False,False,False,False,False
maurosoria/dirsearch,True,False,False,False,False,False,False,False,False
maxbbraun/trump2cash,True,False,False,False,False,False,False,False,False
mdn/kuma,True,False,False,False,False,False,False,False,False
MeetMe/newrelic-plugin-agent,True,False,False,False,False,False,False,False,False
MegviiDetection/video_analyst,False,False,False,False,True,False,False,False,False
megvii-model/YOLOF,True,False,False,False,False,False,False,False,False
Meituan-Dianping/lyrebird,True,False,False,False,False,False,False,False,False
Melissa-AI/Melissa-Core,True,False,False,False,False,False,False,False,False
mengskysama/shadowsocks-rm,True,False,False,False,False,False,False,False,False
meolu/walle-web,True,False,False,False,False,False,False,False,False
mesalock-linux/mesapy,True,False,False,False,False,False,False,False,False
mesosphere/marathon-lb,True,False,False,False,False,False,False,False,False
metabrainz/listenbrainz-server,True,False,False,False,False,False,False,False,False
mhallsmoore/qstrader,True,False,False,False,False,False,False,False,False
mher/flower,True,False,False,False,False,False,False,False,False
mherrmann/fbs,True,False,False,False,False,False,False,False,False
micahhausler/container-transform,True,False,False,False,False,False,False,False,False
microsoft/botbuilder-python,True,False,False,False,False,False,False,False,False
microsoft/DeBERTa,True,False,False,False,False,False,False,False,False
microsoft/DeepSpeed,True,False,False,False,False,False,False,False,False
microsoft/fastformers,True,False,False,False,False,False,False,False,False
microsoft/maro,True,False,False,False,False,False,False,False,False
microsoft/nlp-recipes,True,False,False,False,False,False,False,False,False
microsoft/nni,True,False,False,False,False,False,False,False,False
microsoft/presidio,True,False,False,False,False,False,False,False,False
microsoft/recommenders,True,False,False,False,False,False,False,False,False
microsoft/restler-fuzzer,True,False,False,False,False,False,False,False,False
microsoft/TextWorld,True,False,False,False,False,False,False,False,False
miguelgrinberg/flasky,True,False,False,False,False,False,False,False,False
miguelgrinberg/microblog,True,False,False,False,False,False,False,False,False
mikedh/trimesh,True,False,False,False,False,False,False,False,False
mike-grant/haaska,True,False,False,False,False,False,False,False,False
mikeyy/nonoCAPTCHA,True,False,False,False,False,False,False,False,False
mila-iqia/babyai,True,False,False,False,False,False,False,False,False
milesmcc/shynet,True,False,False,False,False,False,False,False,False
mil-tokyo/webdnn,True,False,False,False,False,False,False,False,False
milvus-io/bootcamp,True,False,False,False,False,False,False,False,False
minimaxir/aitextgen,True,False,False,False,False,False,False,False,False
minimaxir/person-blocker,True,False,False,False,False,False,False,False,False
mirumee/saleor,True,False,False,False,False,False,False,False,False
mit-han-lab/data-efficient-gans,True,False,False,False,False,False,False,False,False
mitmproxy/mitmproxy,True,False,False,False,False,False,False,False,False
mitre/caldera,True,False,False,False,False,False,False,False,False
MITRECND/chopshop,True,False,False,False,False,False,False,False,False
mitre/multiscanner,True,False,False,False,False,False,False,False,False
mlbvn/d2l-vn,True,False,False,False,False,False,False,False,False
mlcommons/inference,True,False,False,False,False,False,False,False,False
mlcommons/training,True,False,False,False,False,False,False,False,False
mlflow/mlflow,True,False,False,False,False,False,False,False,False
mlsecproject/combine,True,False,False,False,False,False,False,False,False
mobier/shadowsocksr-speed,True,False,False,False,False,False,False,False,False
MobSF/Mobile-Security-Framework-MobSF,True,False,False,False,False,False,False,False,False
mobvoi/wenet,True,False,False,False,False,False,False,False,False
modin-project/modin,True,False,False,False,False,False,False,False,False
modoboa/modoboa,True,False,False,False,False,False,False,False,False
molecularsets/moses,True,False,False,False,False,False,False,False,False
momosecurity/aswan,True,False,False,False,False,False,False,False,False
mouse-reeve/bookwyrm,True,False,False,False,False,False,False,False,False
mozilla/addons-server,True,False,False,False,False,False,False,False,False
mozilla/bugbug,True,False,False,False,False,False,False,False,False
mozilla/dxr,True,False,False,False,False,False,False,False,False
mozilla/http-observatory,True,False,False,False,False,False,False,False,False
mozilla/ichnaea,True,False,False,False,False,False,False,True,False
mozilla/kitsune,True,False,False,False,False,False,False,False,False
mozilla/MozDef,True,False,False,False,False,False,False,False,False
mozilla/OpenWPM,True,False,False,False,False,False,False,False,False
MozillaSecurity/dharma,True,False,False,False,False,False,False,False,False
mozilla-services/socorro,True,False,False,False,False,False,False,False,False
mozilla-services/syncserver,True,False,False,False,False,False,False,False,False
mozilla/zamboni,True,False,False,False,False,False,False,False,False
mps-youtube/mps-youtube,True,False,False,False,False,False,False,False,False
mtianyan/VueDjangoAntdProBookShop,True,False,False,False,False,False,False,False,False
mukulhase/WebWhatsapp-Wrapper,True,False,False,False,False,False,False,False,False
MultiAgentLearning/playground,True,False,False,False,False,False,False,False,False
mushorg/conpot,True,False,False,False,False,False,False,False,False
mushorg/glastopf,True,False,False,False,False,False,False,False,False
mvantellingen/localshop,True,False,False,False,False,False,False,False,False
mwarkentin/django-watchman,True,False,False,False,False,False,False,False,False
mwielgoszewski/doorman,True,False,False,False,False,False,False,False,False
MycroftAI/mycroft-core,True,False,False,False,False,False,False,False,False
Naategh/PyCk,True,False,False,False,False,False,False,False,False
nabla-c0d3/sslyze,True,False,False,False,False,False,False,False,False
namisan/mt-dnn,True,False,False,False,False,False,False,False,False
Nandaka/PixivUtil2,True,False,False,False,False,False,False,False,False
napalm-automation/napalm,True,False,False,False,False,False,False,False,False
napari/napari,True,False,False,False,False,False,False,False,False
Naresh1318/Topaz,True,False,False,False,False,False,False,False,False
natlas/natlas,True,False,False,False,False,False,False,False,False
nccgroup/ScoutSuite,True,False,False,False,False,False,False,False,False
nccgroup/Winpayloads,True,False,False,False,False,False,False,False,False
Nekmo/amazon-dash,True,False,False,False,False,False,False,False,False
neo4j/neo4j-python-driver,True,False,False,False,False,False,False,False,False
nerdvegas/rez,True,False,False,False,False,False,False,False,False
NervanaSystems/neon,True,False,False,False,False,False,False,False,False
NetEaseGame/git-webhook,True,False,False,False,False,False,False,False,False
Netflix/consoleme,True,False,False,False,False,False,False,False,False
Netflix/dispatch,True,False,False,False,False,False,False,False,False
Netflix/lemur,True,False,False,False,False,False,False,False,False
Netflix/repokid,True,False,False,False,False,False,False,False,False
Netflix/security_monkey,True,False,False,False,False,False,False,False,False
Netflix-Skunkworks/aardvark,True,False,False,False,False,False,False,False,False
Netflix-Skunkworks/stethoscope,True,False,False,True,False,False,False,False,False
Netflix/vmaf,True,False,False,False,False,False,False,False,False
netzob/netzob,True,False,False,False,False,False,False,False,False
NewFuture/DDNS,True,False,False,False,False,False,False,False,False
nexB/scancode-toolkit,True,False,False,False,False,False,False,False,False
Nextdoor/ndscheduler,True,False,False,False,False,False,False,False,False
nginx-proxy/nginx-proxy,True,False,False,False,False,False,False,False,False
ngoduykhanh/PowerDNS-Admin,True,False,False,False,False,False,False,False,False
nicolargo/glances,True,False,False,False,False,False,False,False,False
nicolas-chaulet/torch-points3d,True,False,False,False,False,False,False,False,False
nidhaloff/igel,True,False,False,False,False,False,False,False,False
nimia/public_drown_scanner,True,False,False,False,False,False,False,False,False
nixawk/labs,True,False,False,False,False,False,False,False,False
nornir-automation/nornir,True,False,False,False,False,False,False,False,False
nsacyber/WALKOFF,True,False,False,False,False,False,False,False,False
nsidnev/fastapi-realworld-example-app,True,False,False,False,True,False,False,False,False
numenta/nupic,True,False,False,False,False,False,False,False,False
NVIDIAGameWorks/kaolin,True,False,False,False,False,False,False,False,False
NVIDIA/semantic-segmentation,True,False,False,False,False,False,False,False,False
NVlabs/NVAE,True,False,False,False,False,False,False,False,False
NVlabs/stylegan2,True,False,False,False,False,False,False,False,False
NVlabs/stylegan2-ada,True,False,False,False,False,False,False,False,False
nv-tlabs/GSCNN,True,False,False,False,False,False,False,False,False
nyaadevs/nyaa,True,False,False,False,False,False,False,False,False
oarriaga/face_classification,True,False,False,False,False,False,False,False,False
obsidianforensics/unfurl,True,False,False,False,False,False,False,False,False
obspy/obspy,True,False,False,False,False,False,False,False,False
oduwsdl/ipwb,True,False,False,False,False,False,False,False,False
ohld/igbot,True,False,False,False,False,False,False,False,False
okfn-brasil/serenata-de-amor,True,False,False,False,False,False,False,False,False
okigan/awscurl,True,False,False,False,False,False,False,False,False
openai/baselines,True,False,False,False,False,False,False,False,False
openai/jukebox,True,False,False,False,False,False,False,False,False
openai/kubernetes-ec2-autoscaler,True,False,False,False,False,False,False,False,False
openai/mlsh,True,False,False,False,False,False,False,False,False
openai/universe,True,False,False,False,False,False,False,False,False
openbmc/openbmc,True,False,False,False,False,False,False,False,False
OpenDroneMap/ODM,True,False,False,False,False,False,False,False,False
OpenGeoscience/geonotebook,True,False,False,False,False,False,False,False,False
OpenIDC/pyoidc,True,False,False,False,False,False,False,False,False
OpenMined/PyGrid,True,False,False,False,True,False,False,False,False
open-mmlab/mmaction,True,False,False,False,False,False,False,False,False
open-mmlab/mmaction2,True,False,False,False,False,False,False,False,False
open-mmlab/mmcv,True,False,False,False,False,False,False,False,False
open-mmlab/mmdetection,True,False,False,False,False,False,False,False,False
open-mmlab/mmdetection3d,True,False,False,False,False,False,False,False,False
open-mmlab/mmediting,True,False,False,False,False,False,False,False,False
open-mmlab/mmfashion,True,False,False,False,False,False,False,False,False
open-mmlab/mmpose,True,False,False,False,False,False,False,False,False
open-mmlab/mmsegmentation,True,False,False,False,False,False,False,False,False
openshift/openshift-ansible,True,False,False,False,False,False,False,False,False
openstack/cinder,True,False,False,False,False,False,False,False,False
openstack/swift,True,False,False,False,False,False,False,False,False
openstates/openstates-scrapers,True,False,False,False,False,False,False,False,False
open-telemetry/opentelemetry-python,True,False,False,False,False,False,False,False,False
OpnTec/open-event-server,True,False,False,False,False,False,False,False,False
opsdroid/opsdroid,True,False,False,False,False,False,False,False,False
optuna/optuna,True,False,False,False,False,False,False,False,False
orchest/orchest,True,False,False,False,False,False,False,False,False
osmr/imgclsmob,True,False,False,False,False,False,False,False,False
OTRF/mordor,True,False,False,False,False,False,False,False,False
OTRF/OSSEM,True,False,False,False,False,False,False,False,False
ottogroup/palladium,True,False,False,False,False,False,False,False,False
outflanknl/RedELK,True,False,False,False,False,False,False,False,False
overhangio/tutor,True,False,False,False,False,False,False,False,False
OWASP/Nettacker,True,False,False,False,False,False,False,False,False
owtf/owtf,True,False,False,False,False,False,False,False,False
oxwhirl/pymarl,True,False,False,False,False,False,False,False,False
ozhiwei/SmartProxyPool,True,False,False,False,False,False,False,False,False
P0cL4bs/wifipumpkin3,True,False,False,False,True,False,False,False,False
p1r06u3/opencanary_web,True,False,False,False,False,False,False,False,False
pact-foundation/pact-python,True,False,False,False,False,False,False,False,False
PaddlePaddle/Paddle,True,False,False,False,False,False,False,False,False
PaddlePaddle/PaddleOCR,True,False,False,False,False,False,False,False,False
PaddlePaddle/PaddleSeg,True,False,False,False,False,False,False,False,False
PaddlePaddle/PARL,True,False,False,False,False,False,False,False,False
pageauc/speed-camera,True,False,False,False,False,False,False,False,False
pahaz/sshtunnel,True,False,False,False,False,False,False,False,False
pandas-dev/pandas,True,False,False,False,False,False,False,False,False
pantsbuild/pants,True,False,False,False,False,False,False,False,False
pantsbuild/pex,True,False,False,False,False,False,False,False,False
paulpierre/informer,True,False,False,False,False,False,False,False,False
paver/paver,True,False,False,False,False,False,False,False,False
pdm-project/pdm,True,False,False,False,False,False,False,False,False
PeizeSun/OneNet,True,False,False,False,False,False,False,False,False
PeizeSun/SparseR-CNN,True,False,False,False,False,False,False,False,False
pimutils/vdirsyncer,True,False,False,False,False,False,False,False,False
pinry/pinry,True,False,False,False,False,False,False,False,False
pixie-labs/pixie,True,False,False,False,False,False,False,False,False
pjialin/py12306,True,False,False,False,False,False,False,False,False
PKUbahuangliuhe/CBNet,True,False,False,False,False,False,False,False,False
plajjan/vrnetlab,True,False,False,False,False,False,False,False,False
plotly/dash-docs,True,False,False,False,False,False,False,False,False
pogodevorg/pgoapi,True,False,False,False,False,False,False,False,False
PokemonGoF/PokemonGo-Bot,True,False,False,False,False,False,False,False,False
polakowo/vectorbt,True,False,False,False,False,False,False,False,False
poljar/weechat-matrix,False,False,False,True,False,False,False,False,False
polyaxon/polyaxon,True,False,False,False,False,False,False,False,False
polygamma/aurman,True,False,False,False,False,False,False,False,False
posativ/isso,True,False,False,False,False,False,False,False,False
postgres/pgadmin4,True,False,False,False,False,False,False,False,False
PostHog/posthog,True,False,False,False,False,False,False,False,False
powerfulseal/powerfulseal,True,False,False,False,False,False,False,False,False
pprp/SimpleCVReproduction,True,False,False,False,False,False,False,False,False
praekeltfoundation/vumi,True,False,False,False,False,False,False,False,False
praveendath92/fitbit-googlefit,True,False,False,False,False,False,False,False,False
pre-commit/pre-commit,True,False,False,False,False,False,False,False,False
PrefectHQ/prefect,True,False,False,False,False,False,False,False,False
pretix/pretix,True,False,False,False,False,False,False,False,False
pricingassistant/mrq,True,False,False,False,False,False,False,False,False
pritunl/pritunl,True,False,False,False,False,False,False,False,False
programa-stic/barf-project,True,False,False,False,False,False,False,False,False
Project-MONAI/MONAI,True,False,False,False,False,False,False,False,False
psf/black,True,False,False,False,False,False,False,False,False
psincraian/pepy,True,False,False,False,False,False,False,False,False
ptpb/pb,True,False,False,False,False,False,False,False,False
pulp/pulp,True,False,False,False,False,False,False,False,False
PUNCH-Cyber/stoq,True,False,False,False,False,False,False,False,False
pwnlandia/mhn,True,False,False,False,False,False,False,False,False
pycook/cmdb,True,False,False,False,False,False,False,False,False
PyCQA/isort,True,False,False,False,False,False,False,False,False
PyCQA/prospector,True,False,False,False,False,False,False,False,False
PyCQA/pylint,True,False,False,False,False,False,False,False,False
pydanny/cookiecutter-django,True,False,False,False,False,False,False,False,False
pyinstaller/pyinstaller,True,False,False,False,False,False,False,False,False
pykaldi/pykaldi,True,False,False,False,False,False,False,False,False
pyload/pyload,True,False,False,False,False,False,False,False,False
pymc-devs/pymc3,True,False,False,False,False,False,False,False,False
pymedusa/Medusa,True,False,False,False,False,False,False,False,False
pymssql/pymssql,True,False,False,False,False,False,False,False,False
pyouroboros/ouroboros,True,False,False,False,False,False,False,False,False
pypa/warehouse,True,False,False,False,False,False,False,True,False
pypiserver/pypiserver,True,False,False,False,False,False,False,False,False
pyro-ppl/pyro,True,False,False,False,False,False,False,False,False
pytest-dev/pytest-testinfra,True,False,False,False,False,False,False,False,False
Python3WebSpider/ProxyPool,False,False,False,False,True,False,False,False,False
python-discord/bot,True,False,False,False,False,False,False,False,False
python-discord/site,True,False,False,False,False,False,False,False,False
python-social-auth/social-app-django,True,False,False,False,False,False,False,False,False
python-social-auth/social-core,True,False,False,False,False,False,False,False,False
pythonstock/stock,True,False,False,False,False,False,False,False,False
python-streamz/streamz,True,False,False,False,False,False,False,False,False
pytorch/audio,True,False,False,False,False,False,False,False,False
pytorch/elastic,True,False,False,False,False,False,False,False,False
PyTorchLightning/pytorch-lightning,True,False,False,False,False,False,False,False,False
pytorch/text,True,False,False,False,False,False,False,False,False
pytorch/translate,True,False,False,False,False,False,False,False,False
pyvista/pyvista,True,False,False,False,False,False,False,False,False
qilingframework/qiling,True,False,False,False,False,False,False,False,False
QingdaoU/OnlineJudge,True,False,False,False,False,False,False,False,False
QUANTAXIS/QUANTAXIS,True,False,False,False,False,False,False,False,False
quantopian/zipline,False,False,False,True,False,False,False,False,False
quantumlib/Cirq,True,False,False,False,False,False,False,False,False
quantumlib/OpenFermion,True,False,False,False,False,False,False,False,False
quark-engine/quark-engine,True,False,False,False,False,False,False,False,False
quay/quay,True,False,False,False,False,False,False,False,False
quentinhardy/odat,True,False,False,False,False,False,False,False,False
quic/aimet,True,False,False,False,False,False,False,False,False
quodlibet/quodlibet,True,False,False,True,False,False,False,False,False
quokkaproject/quokka,True,False,False,False,False,False,False,False,False
qzq1111/flask-restful-example,True,False,False,False,False,False,False,False,False
RackHD/RackHD,True,False,False,False,False,False,False,False,False
rafalp/Misago,True,False,False,False,False,False,False,False,False
raiden-network/raiden,True,False,False,False,False,False,False,True,False
RameenAbdal/StyleFlow,True,False,False,False,False,False,False,False,False
ranger/ranger,True,False,False,False,False,False,False,False,False
RasaHQ/rasa,True,False,False,False,False,False,False,False,False
RasaHQ/rasa_core,True,False,False,False,False,False,False,False,False
RasaHQ/rasa-demo,True,False,False,False,False,False,False,False,False
raveberry/raveberry,True,False,False,False,False,False,False,False,False
ray-project/ray,True,False,False,False,False,False,False,False,False
readthedocs/readthedocs.org,True,False,False,False,False,False,False,False,False
realgam3/pymultitor,True,False,False,False,False,False,False,False,False
reddit/baseplate.py,True,False,False,False,False,False,False,False,False
ReFirmLabs/binwalk,True,False,False,False,False,False,False,False,False
reviewboard/reviewboard,True,False,False,False,False,False,False,False,False
RhinoSecurityLabs/pacu,True,False,False,False,False,False,False,False,False
rhinstaller/anaconda,True,False,False,False,False,False,False,False,False
Rhizome-Conifer/conifer,True,False,False,False,False,False,False,False,False
Rhynorater/CVE-2018-15473-Exploit,True,False,False,False,False,False,False,False,False
richardaecn/class-balanced-loss,True,False,False,False,False,False,False,False,False
rigetti/pyquil,True,False,False,False,False,False,False,False,False
RiotGames/cloud-inquisitor,True,False,False,False,False,False,False,False,False
rll/rllab,True,False,False,False,False,False,False,False,False
rmax/scrapy-redis,True,False,False,False,False,False,False,False,False
rmountjoy92/DashMachine,True,False,False,False,False,False,False,False,False
robinhood/faust,True,False,False,False,False,False,False,False,False
rochacbruno/dynaconf,True,False,False,False,False,False,False,False,False
RocketMap/RocketMap,True,False,False,False,False,False,False,False,False
ronghanghu/seg_every_thing,True,False,False,False,False,False,False,False,False
ronreiter/interactive-tutorials,True,False,False,False,False,False,False,False,False
ropnop/impacket_static_binaries,True,False,False,False,False,False,False,False,False
rotki/rotki,True,False,False,False,False,False,False,False,False
rq/rq,True,False,False,False,False,False,False,False,False
rsms/inter,True,False,False,False,False,False,False,False,False
rsmusllp/king-phisher,True,False,False,False,False,False,False,False,False
ruddra/docker-django,True,False,False,False,False,False,False,False,False
rushter/MLAlgorithms,True,False,False,False,False,False,False,False,False
rusty1s/pytorch_geometric,True,False,False,False,False,False,False,False,False
Rydgel/Fake-images-please,True,False,False,False,False,False,False,False,False
s3ql/s3ql,True,False,False,False,False,False,False,False,False
sa7mon/S3Scanner,True,False,False,False,False,False,False,False,False
sabri-zaki/EasY_HaCk,True,False,False,False,False,False,False,False,False
sagemath/sage,True,False,False,False,False,False,False,False,False
sahana/eden,True,False,False,False,False,False,False,False,False
salesforce/cove,True,False,False,False,False,False,False,False,False
salesforce/hassh,True,False,False,False,False,False,False,False,False
salesforce/policy_sentry,True,False,False,False,False,False,False,False,False
saltstack/salt,True,False,False,False,False,False,False,False,False
samre12/deep-trading-agent,True,False,False,False,False,False,False,False,False
SamSchott/maestral,True,False,False,False,False,False,False,False,False
sanic-org/sanic,True,False,False,False,False,False,False,False,False
SathyaBhat/spotify-dl,True,False,False,False,False,False,False,False,False
saulpw/visidata,True,False,False,False,False,False,False,False,False
sbaresearch/simcoin,True,False,False,False,False,False,False,False,False
scalingexcellence/scrapybook,True,False,False,False,False,False,False,False,False
scanapi/scanapi,True,False,False,False,False,False,False,False,False
Sceptre/sceptre,True,False,False,False,False,False,False,False,False
schemathesis/schemathesis,True,False,False,False,False,False,False,False,False
schutzwerk/CANalyzat0r,True,False,False,False,False,False,False,False,False
scikit-multiflow/scikit-multiflow,True,False,False,False,False,False,False,False,False
scipy/scipy,True,False,False,False,False,False,False,False,False
scragg0x/realms-wiki,True,False,False,False,False,False,False,False,False
scrapinghub/frontera,True,False,False,False,False,False,False,False,False
scrapinghub/portia,True,False,False,False,False,False,False,False,False
scrapinghub/scrapyrt,True,False,False,False,False,False,False,False,False
SeanNaren/deepspeech.pytorch,True,False,False,False,False,False,False,False,False
searx/searx,True,False,False,False,False,False,False,False,False
secrary/SSMA,True,False,False,False,False,False,False,False,False
SecureAuthCorp/impacket,True,False,False,False,False,False,False,False,False
secureworks/dcept,True,False,False,False,False,False,False,False,False
securing/DumpsterDiver,True,False,False,False,False,False,False,False,False
Segfault-Inc/Multicorn,True,False,False,False,False,False,False,False,False
seleniumbase/SeleniumBase,True,False,False,False,False,False,False,False,False
Sense-X/TSD,True,False,False,False,False,False,False,False,False
sfzhang15/ATSS,True,False,False,False,False,False,False,False,False
sgratzl/slack-cleaner,True,False,False,False,False,False,False,False,False
shadowmoose/RedditDownloader,True,False,False,False,False,False,False,False,False
ShangtongZhang/DeepRL,True,False,False,False,False,False,False,False,False
SharpAI/DeepCamera,True,False,False,False,False,False,False,False,False
shenril/Sitadel,True,False,False,False,False,False,False,False,False
shibing624/pycorrector,True,False,False,False,False,False,False,False,False
shirosaidev/stocksight,True,False,False,False,False,False,False,False,False
shmilylty/OneForAll,False,False,False,False,True,False,False,False,False
shuup/shuup,True,False,False,False,False,False,False,False,False
SickChill/SickChill,True,False,False,False,False,False,False,False,False
SiCKRAGE/SiCKRAGE,True,False,False,False,False,False,False,False,False
sightmachine/SimpleCV,True,False,False,False,False,False,False,False,False
signalfx/maestro-ng,True,False,False,False,False,False,False,False,False
simple-login/app,True,False,False,False,False,False,False,False,False
SimplySecurity/SimplyEmail,True,False,False,False,False,False,False,False,False
sirfz/tesserocr,True,False,False,False,False,False,False,False,False
sissbruecker/linkding,True,False,False,False,False,False,False,False,False
Sitoi/dailycheckin,True,False,False,False,False,False,False,False,False
skoczen/will,True,False,False,False,False,False,False,False,False
smicallef/spiderfoot,True,False,False,False,False,False,False,False,False
snakemake/snakemake,True,False,False,False,False,False,False,False,False
snapcore/snapcraft,True,False,False,False,False,False,False,False,False
songcser/sanic-ms,True,False,False,False,False,False,False,False,False
sony/nnabla,True,False,False,False,False,False,False,False,False
spaam/svtplay-dl,True,False,False,False,False,False,False,False,False
spack/spack,True,False,False,False,False,False,False,False,False
spesmilo/electrum,True,False,False,False,False,False,False,False,False
SpiderClub/haipproxy,True,False,False,False,False,False,False,False,False
SpiderClub/weibospider,True,False,False,False,False,False,False,False,False
spiral-project/ihatemoney,True,False,False,False,False,False,False,False,False
splunk/splunk-sdk-python,True,False,False,False,False,False,False,False,False
spotify/dh-virtualenv,True,False,False,False,False,False,False,False,False
spotify/klio,True,False,False,False,False,False,False,False,False
spotify/snakebite,True,False,False,False,False,False,False,False,False
spulec/moto,True,False,False,False,False,False,False,False,False
sql-machine-learning/elasticdl,True,False,False,False,False,False,False,False,False
Srinivas11789/PcapXray,True,False,False,False,False,False,False,False,False
st4lk/django-rest-social-auth,True,False,False,False,False,False,False,False,False
Staffjoy/suite,True,False,False,False,False,False,False,False,False
stellargraph/stellargraph,True,False,False,False,False,False,False,False,False
stevenleeg/geemusic,True,False,False,False,False,False,False,False,False
streamlit/streamlit,True,False,False,False,False,False,False,False,False
striver-ing/wechat-spider,True,False,False,False,False,False,False,False,False
studioml/studio,True,False,False,False,False,False,False,False,False
superdesk/superdesk,True,False,False,False,False,False,False,False,False
svanoort/pyresttest,True,False,False,False,False,False,False,False,False
swisskyrepo/SSRFmap,True,False,False,False,False,False,False,False,False
SymbiFlow/prjxray,True,False,False,False,False,False,False,False,False
sympy/sympy,True,False,False,False,False,False,False,False,False
sympy/sympy_gamma,True,False,False,False,False,False,False,False,False
tableau/TabPy,True,False,False,False,False,False,False,False,False
tahoe-lafs/tahoe-lafs,True,False,True,False,False,False,False,False,False
taigaio/taiga-back,True,False,False,False,False,False,False,False,False
tankywoo/simiki,True,False,False,False,False,False,False,False,False
taokong/FoveaBox,True,False,False,False,False,False,False,False,False
target/strelka,True,False,False,False,False,False,False,False,False
TarrySingh/Artificial-Intelligence-Deep-Learning-Machine-Learning-Tutorials,True,False,False,False,False,False,False,False,False
tartiflette/tartiflette,True,False,False,False,False,False,False,False,False
taspinar/twitterscraper,True,False,False,False,False,False,False,False,False
Tautulli/Tautulli,True,False,False,False,False,False,False,False,False
taverntesting/tavern,True,False,False,False,False,False,False,False,False
tdryer/hangups,True,False,False,False,False,False,False,False,False
Tecnativa/docker-socket-proxy,True,False,False,False,False,False,False,False,False
tensorflow/data-validation,True,False,False,False,False,False,False,False,False
tensorflow/federated,True,False,False,False,False,False,False,False,False
tensorflow/model-optimization,True,False,False,False,False,False,False,False,False
tensorflow/models,True,False,False,False,False,False,False,False,False
tensorflow/tfx,True,False,False,False,False,False,False,False,False
tensorlayer/hyperpose,True,False,False,False,False,False,False,False,False
tensorlayer/tensorlayer,True,False,False,False,False,False,False,False,False
TensorSpeech/TensorFlowTTS,True,False,False,False,False,False,False,False,False
tensortrade-org/tensortrade,True,False,False,False,False,False,False,False,False
tern-tools/tern,True,False,False,False,False,False,False,False,False
testerSunshine/12306,True,False,False,False,False,False,False,False,False
tf-encrypted/tf-encrypted,True,False,False,False,False,False,False,False,False
tgbot-collection/YYeTsBot,True,False,False,False,False,False,False,False,False
TheKevJames/coveralls-python,True,False,False,False,False,False,False,False,False
theotherp/nzbhydra,True,False,False,False,False,False,False,False,False
the-paperless-project/paperless,True,False,False,False,False,False,False,False,False
thingsboard/thingsboard-gateway,True,False,False,False,False,False,False,False,False
thinkst/opencanary,True,False,False,False,False,False,False,False,False
thomasloven/hass-browser_mod,True,False,False,False,False,False,False,False,False
thp/urlwatch,True,False,False,False,False,False,False,False,False
threat9/routersploit,True,False,False,False,False,False,False,False,False
THUDM/cogdl,True,False,False,False,False,False,False,False,False
thushv89/attention_keras,True,False,False,False,False,False,False,False,False
tiangolo/fastapi,True,False,False,False,False,False,False,False,False
tiangolo/full-stack,True,False,False,False,False,False,False,False,False
tiangolo/full-stack-fastapi-postgresql,True,False,False,False,False,False,False,False,False
tianzhi0549/FCOS,True,False,False,False,False,False,False,False,False
TileStache/TileStache,True,False,False,False,False,False,False,False,False
tmrowco/electricitymap-contrib,True,False,False,False,False,False,False,False,False
TokenMarketNet/smart-contracts,True,False,False,False,False,False,False,False,False
TomasTomecek/sen,True,False,False,False,False,False,False,False,False
tomchop/malcom,True,False,False,False,False,False,False,False,False
tomerfiliba-org/rpyc,True,False,False,False,False,False,False,False,False
tomslee/airbnb-data-collection,True,False,False,False,False,False,False,False,False
TophantTechnology/ARL,True,False,False,False,False,False,False,False,False
TophantTechnology/osprey,True,False,False,False,False,False,False,False,False
tornadoweb/tornado,True,False,False,False,False,False,False,False,False
torque59/Nosql-Exploitation-Framework,True,False,False,False,False,False,False,False,False
trailofbits/deepstate,True,False,False,False,False,False,False,False,False
trailofbits/manticore,True,False,False,False,False,False,False,False,False
translate/pootle,True,False,False,False,False,False,False,False,False
traveller59/second.pytorch,True,False,False,False,False,False,False,False,False
trezor/trezor-firmware,True,False,False,False,False,False,False,False,False
tribe29/checkmk,True,False,False,False,False,False,False,False,False
TRI-ML/packnet-sfm,True,False,False,False,False,False,False,False,False
Trusted-AI/adversarial-robustness-toolbox,True,False,False,False,False,False,False,False,False
Trusted-AI/AIF360,True,False,False,False,False,False,False,False,False
trustedsec/ptf,True,False,False,False,False,False,False,False,False
tsileo/microblog.pub,True,False,False,False,False,False,False,False,False
Tuhinshubhra/CMSeeK,True,False,False,False,False,False,False,False,False
Tuhinshubhra/ExtAnalysis,True,False,False,False,False,False,False,False,False
tulir/mautrix-telegram,True,False,False,False,False,False,False,False,False
turicas/covid19-br,True,False,False,False,False,False,False,False,False
turicas/rows,True,False,False,False,False,False,False,False,False
TuSimple/simpledet,True,False,False,False,False,False,False,False,False
twilio/twilio-python,True,False,False,False,False,False,False,False,False
twintproject/twint,True,False,False,False,False,False,False,False,False
uber/fiber,True,False,False,False,False,False,False,False,False
uber/petastorm,True,False,False,False,False,False,False,False,False
uber-research/deep-neuroevolution,True,False,False,False,False,False,False,False,False
uber-research/go-explore,True,False,False,False,False,False,False,False,False
ubuntu/ubuntu-make,True,False,False,False,False,False,False,False,False
ufora/ufora,True,False,False,False,False,False,False,False,False
UKPLab/elmo-bilstm-cnn-crf,True,False,False,False,False,False,False,False,False
UKPLab/emnlp2017-bilstm-cnn-crf,True,False,False,False,False,False,False,False,False
Ulauncher/Ulauncher,True,False,False,False,False,False,False,False,False
ultralytics/yolov3,True,False,False,False,False,False,False,False,False
ultralytics/yolov5,True,False,False,False,False,False,False,False,False
unit8co/darts,True,False,False,False,False,False,False,False,False
unitedstates/congress,True,False,False,False,False,False,False,False,False
unknown-horizons/unknown-horizons,True,False,False,False,False,False,False,False,False
Urinx/WeixinBot,True,False,False,False,False,False,False,False,False
USArmyResearchLab/Dshell,True,False,False,False,False,False,False,False,False
UsergeTeam/Userge,True,False,False,False,False,False,False,False,False
ustwo/mastermind,True,False,False,False,False,False,False,False,False
utterworks/fast-bert,True,False,False,False,False,False,False,False,False
v3n0m-Scanner/V3n0M-Scanner,True,False,False,False,False,False,False,False,False
v55448330/lazy-balancer,True,False,False,False,False,False,False,False,False
vi3k6i5/flashtext,True,False,False,False,False,False,False,False,False
videoflow/videoflow,True,False,False,False,False,False,False,False,False
vitchyr/rlkit,True,False,False,False,False,False,False,False,False
vmware/photon,True,False,False,False,False,False,False,False,False
voc/voctomix,True,False,False,False,False,False,False,False,False
VOLTTRON/volttron,True,False,False,False,False,False,False,False,False
voxpupuli/puppetboard,True,False,False,False,False,False,False,False,False
vstconsulting/polemarch,True,False,False,False,False,False,False,False,False
vwxyzjn/cleanrl,True,False,False,False,False,False,False,False,False
vyperlang/vyper,True,False,False,False,False,False,False,False,False
wagtail/wagtail,True,False,False,False,False,False,False,False,False
weaveworks/kubediff,True,False,False,False,False,False,False,False,False
web2py/web2py,True,False,False,False,False,False,False,False,False
WeblateOrg/weblate,True,False,False,False,False,False,False,False,False
webrecorder/pywb,True,False,False,False,False,False,False,False,False
welliamcao/OpsManage,True,False,False,False,False,False,False,False,False
wemake-services/wemake-django-template,True,False,False,False,False,False,False,True,False
weskerfoot/DeleteFB,True,False,False,False,False,False,False,False,False
wger-project/wger,True,False,False,False,False,False,False,False,False
Wh0ale/SRC-script,True,False,False,False,False,False,False,False,False
WhaleShark-Team/cobra,True,False,False,False,False,False,False,False,False
whipper-team/whipper,True,False,False,False,False,False,False,False,False
wikimedia/pywikibot,True,False,False,False,False,False,False,False,False
witten/borgmatic,True,False,False,False,False,False,False,False,False
wkentaro/labelme,True,False,False,False,False,False,False,False,False
worldveil/dejavu,True,False,False,False,False,False,False,False,False
WXinlong/SOLO,True,False,False,False,False,False,False,False,False
wzpan/wukong-robot,True,False,False,False,False,False,False,False,False
X-DataInitiative/tick,True,False,False,False,False,False,False,False,False
xhtml2pdf/xhtml2pdf,True,False,False,False,False,False,False,False,False
xillwillx/skiptracer,True,False,False,False,False,False,False,False,False
xingyizhou/CenterNet2,True,False,False,False,False,False,False,False,False
xmendez/wfuzz,True,False,False,False,False,False,False,False,False
Xonshiz/comic-dl,True,False,False,False,False,False,False,False,False
xsren/wx_taobao_fanli,True,False,False,False,False,False,False,False,False
y1ndan/genshin-impact-helper,True,False,False,False,False,False,False,False,False
yampelo/beagle,True,False,False,False,True,False,False,False,False
yandex/gixy,True,False,False,False,False,False,False,False,False
yandex/pgmigrate,True,False,False,False,False,False,False,False,False
yandex/yandex-tank,True,False,False,False,False,False,False,False,False
yasinkuyu/binance-trader,True,False,False,False,False,False,False,False,False
YBIGTA/pytorch-hair-segmentation,True,False,False,False,False,False,False,False,False
ycm-core/YouCompleteMe,True,False,False,False,False,False,False,False,False
Yelp/docker-custodian,True,False,False,False,False,False,False,False,False
Yelp/elastalert,True,False,False,False,False,False,False,False,False
Yelp/mysql_streamer,True,False,False,False,False,False,False,False,False
Yelp/paasta,True,False,False,False,False,False,False,False,False
Yelp/Tron,True,False,False,False,False,False,False,False,False
yeti-platform/yeti,True,False,False,False,False,False,False,False,False
yihui-he/KL-Loss,True,False,False,False,False,False,False,False,False
Yinzo/SmartQQBot,True,False,False,False,False,False,False,False,False
yogeshojha/rengine,True,False,False,False,True,False,False,False,False
youngwanLEE/CenterMask,True,False,False,False,False,False,False,False,False
ysrc/GourdScanV2,True,False,False,False,False,False,False,False,False
YunoHost/yunohost,True,False,False,False,False,False,False,False,False
zalando/patroni,True,False,False,False,False,False,False,False,False
zalando/spilo,True,False,False,False,False,False,False,False,False
zenodo/zenodo,True,False,False,False,False,False,False,False,False
zentralopensource/zentral,True,False,False,False,False,False,False,False,False
zeromq/pyzmq,True,False,False,False,False,False,False,False,False
zerosum0x0/koadic,True,False,False,False,False,False,False,False,False
zewelor/bt-mqtt-gateway,True,False,False,False,False,False,False,False,False
zhaoweicai/Detectron-Cascade-RCNN,True,False,False,False,False,False,False,False,False
Zhongdao/Towards-Realtime-MOT,True,False,False,False,False,False,False,False,False
zhoubear/open-paperless,True,False,False,False,False,False,False,False,False
zh-plus/video-to-pose3D,True,False,False,False,False,False,False,False,False
zhreshold/mxnet-ssd,True,False,False,False,False,False,False,False,False
zjhuang22/maskscoring_rcnn,True,False,False,False,False,False,False,False,False
ZJULearning/ttfnet,True,False,False,False,False,False,False,False,False
zsdlove/Hades,True,False,False,False,False,False,False,False,False
ztgrace/changeme,True,False,False,False,False,False,False,False,False
zulip/zulip,True,False,False,False,False,False,False,False,False
